test_id,exact_input,output_wav,duration_s,generation_latency_s,rtf,mean_pitch_hz,transcription
T01_Greeting,Good morning! How can I help you organize your tasks today?,tts_benchmark\chatterbox\samples\turbo\T01_Greeting.wav,3.44,13.57,3.95,241.1,Good morning. How can I help you organize your tasks today?
T02_System_Status,"All background services are running smoothly, and your CPU utilization is currently at twelve percent.",tts_benchmark\chatterbox\samples\turbo\T02_System_Status.wav,6.08,13.39,2.2,256.4,"All background services are running smoothly, and your CPU utilization is currently at 12%."
T03_Code_Review,"I've reviewed your pull request. The changes look great, but remember to add unit tests for the error handling logic.",tts_benchmark\chatterbox\samples\turbo\T03_Code_Review.wav,6.6,14.14,2.14,276.1,"I've reviewed your pull request, the changes look great, but remember to add unit tests for the error handling logic."
T04_Schedule_Reminder,You have a team sync scheduled in fifteen minutes. Would you like me to open the meeting link for you?,tts_benchmark\chatterbox\samples\turbo\T04_Schedule_Reminder.wav,5.04,17.36,3.44,209.4,You have a team sync scheduled in 15 minutes.  Would you like me to open the meeting link for you?
T05_Weather_Info,The weather forecast today looks clear with a high of seventy-two degrees. Perfect for an afternoon walk.,tts_benchmark\chatterbox\samples\turbo\T05_Weather_Info.wav,7.04,23.08,3.28,519.1,The weather forecast today looks clear with a high of 72 degrees.  Perfect for an afternoon walk.
T06_Database_Report,"Database migration completed in two point four seconds. Zero tables were locked, and all foreign keys are intact.",tts_benchmark\chatterbox\samples\turbo\T06_Database_Report.wav,8.0,18.74,2.34,489.1,"Data-paced migration completed in 2.4 seconds.  Zero tables were locked, and all foreign keys are intact."
T07_Email_Draft,I have drafted a quick response to your client confirming the project delivery deadline for Friday morning.,tts_benchmark\chatterbox\samples\turbo\T07_Email_Draft.wav,5.68,11.95,2.1,185.0,"I have drafted a quick response to your client, confirming the project delivery  deadline for Friday morning."
T08_Deployment_Success,Your Docker container has been built successfully and deployed to the staging environment.,tts_benchmark\chatterbox\samples\turbo\T08_Deployment_Success.wav,4.84,10.8,2.23,257.9,Your Docker container has been built successfully and deployed to the staging environment.
T09_Paralinguistic_Laugh,That's hilarious! [laugh] I really didn't expect that test case to pass on the first try.,tts_benchmark\chatterbox\samples\turbo\T09_Paralinguistic_Laugh.wav,5.4,11.85,2.19,195.1,That's hilarious. I really didn't expect that test case to pass on the first try.
T10_Troubleshooting,The connection timed out while querying the remote API. Please check your network gateway and proxy settings.,tts_benchmark\chatterbox\samples\turbo\T10_Troubleshooting.wav,6.56,14.2,2.16,249.6,"The connection timed out while querying the remote API,  please check your network gateway and proxy settings."
T11_Long_Explanation,"Here is a breakdown of your memory usage. The frontend development server is using four hundred megabytes, while the vector database process is consuming approximately one point two gigabytes of system RAM.",tts_benchmark\chatterbox\samples\turbo\T11_Long_Explanation.wav,11.6,24.12,2.08,217.2,"Here is a breakdown of your memory usage.  The front end development server is using 400 megabytes,  while the vector database process is consuming approximately 1.2 gigabytes of system ram."
T12_Action_Confirmation,Understood. I will keep monitoring the application logs and notify you immediately if any unexpected exceptions occur.,tts_benchmark\chatterbox\samples\turbo\T12_Action_Confirmation.wav,7.12,14.99,2.1,234.8,"Understood, I will keep monitoring the application logs and notify you immediately if any unexpected exceptions occur."
